[
  {
    "value": "Software Engineer",
    "synonyms": [
      "Software Engineer",
      "SDE",
      "Software Developer Engineer",
      "SWE",
      "Software Developer",
      "JOB001"
    ]
  },
  {
    "value": "Data Scientist",
    "synonyms": [
      "Data Scientist",
      "AI Scientist",
      "JOB002"
    ]
  },
  {
    "value": "Product Manager",
    "synonyms": [
      "Product Manager",
      "Product Lead",
      "Product Analyst",
      "Product Executive",
      "Product Planner",
      "Product Strategist",
      "JOB003"
    ]
  },
  {
    "value": "Data Analyst",
    "synonyms": [
      "Data Analyst",
      "Data specialist",
      "Data engineer",
      "Business intelligence analyst",
      "Statistician",
      "Researcher"
    ]
  },
  {
    "value": "Nisa Afreen",
    "synonyms": [
      "Nisa Afreen",
      "nisu",
      "Ajju",
      "Afreen",
      "Gandi Bachi"
    ]
  },
  {
    "value": "HR Manager",
    "synonyms": [
      "HR Manager",
      "HR",
      "Human Resource",
      "Recruiter",
      "Personnel Department",
      "Workforce Management",
      "People Operations",
      "Talent Management",
      "Employee Relations",
      "HRIS",
      "Human Resource Information System",
      "People Team"
    ]
  }
]