[
  {
    "value": "work_life_balance",
    "synonyms": [
      "work_life_balance",
      "balance between work and life",
      "work and personal life balance",
      "work hours and life balance",
      "work-life balance"
    ]
  },
  {
    "value": "bonuses",
    "synonyms": [
      "bonuses",
      "bonus",
      "performance bonus",
      "yearly bonus",
      "quarterly bonus",
      "incentive",
      "reward"
    ]
  },
  {
    "value": "work_days",
    "synonyms": [
      "workdays",
      "work days",
      "working days",
      "regular work days",
      "weekdays",
      "days of work",
      "work week"
    ]
  },
  {
    "value": "off_days",
    "synonyms": [
      "offdays",
      "off-days",
      "vacation days",
      "leave days",
      "holidays",
      "personal days",
      "days off"
    ]
  },
  {
    "value": "remotework",
    "synonyms": [
      "remotework",
      "work from home",
      "telecommute",
      "teleworking",
      "remote job",
      "home office"
    ]
  },
  {
    "value": "health_benefits",
    "synonyms": [
      "health_benefits",
      "health benefits",
      "health insurance",
      "medical benefits",
      "healthcare",
      "medical coverage",
      "health plans"
    ]
  },
  {
    "value": "career_growth",
    "synonyms": [
      "career_growth",
      "career growth",
      "career development",
      "career advancement",
      "promotion",
      "professional growth",
      "professional development",
      "advancement opportunities"
    ]
  },
  {
    "value": "parental_leave",
    "synonyms": [
      "parental_leave",
      "parental leave",
      "maternity leave",
      "paternity leave",
      "family leave",
      "child leave",
      "parental time off"
    ]
  },
  {
    "value": "vacation_policy",
    "synonyms": [
      "vacation_policy",
      "vacation policy",
      "vacation days",
      "paid time off",
      "PTO",
      "holiday policy",
      "vacation leave"
    ]
  },
  {
    "value": "wellness_programs",
    "synonyms": [
      "wellness_program",
      "wellness programs",
      "employee wellness",
      "health programs",
      "fitness programs",
      "wellbeing programs",
      "wellness initiatives"
    ]
  },
  {
    "value": "overtime_policy",
    "synonyms": [
      "overtime",
      "overtime policy",
      "extra hours",
      "additional hours",
      "OT",
      "working overtime"
    ]
  }
]