[
  {
    "id": "9f8cc5f3-aee1-4dcf-946d-2a98a3d47f01",
    "data": [
      {
        "text": "Here is the URL to my resume: ",
        "userDefined": false
      },
      {
        "text": "https://documents.com/johndoe.pdf",
        "meta": "@sys.url",
        "alias": "resumelink",
        "userDefined": true
      },
      {
        "text": ".",
        "userDefined": false
      }
    ],
    "isTemplate": false,
    "count": 0,
    "lang": "en",
    "updated": 0
  },
  {
    "id": "8cd2edea-2e24-4376-a12d-1d8ad458aa80",
    "data": [
      {
        "text": "I have uploaded my resume at ",
        "userDefined": false
      },
      {
        "text": "https://resumesite.com/sarah_resume",
        "meta": "@sys.url",
        "alias": "resumelink",
        "userDefined": true
      },
      {
        "text": ".",
        "userDefined": false
      }
    ],
    "isTemplate": false,
    "count": 0,
    "lang": "en",
    "updated": 0
  },
  {
    "id": "db95872b-2e6a-41af-be59-13eaddc032ce",
    "data": [
      {
        "text": "Please check my resume here: ",
        "userDefined": false
      },
      {
        "text": "https://resumehost.com/michael_resume",
        "meta": "@sys.url",
        "alias": "resumelink",
        "userDefined": true
      },
      {
        "text": ".",
        "userDefined": false
      }
    ],
    "isTemplate": false,
    "count": 0,
    "lang": "en",
    "updated": 0
  },
  {
    "id": "98a960ec-b127-4b52-8915-fcfa4d6becd8",
    "data": [
      {
        "text": "You can find my resume at ",
        "userDefined": false
      },
      {
        "text": "https://myportfolio.com/johndoe_resume",
        "meta": "@sys.url",
        "alias": "resumelink",
        "userDefined": true
      },
      {
        "text": ".",
        "userDefined": false
      }
    ],
    "isTemplate": false,
    "count": 0,
    "lang": "en",
    "updated": 0
  },
  {
    "id": "3ed53323-aaa4-40ec-842e-4bb68523517f",
    "data": [
      {
        "text": "Here is the link to my resume: ",
        "userDefined": false
      },
      {
        "text": "https://example.com/resume.pdf",
        "meta": "@sys.url",
        "alias": "resumelink",
        "userDefined": true
      },
      {
        "text": ".",
        "userDefined": false
      }
    ],
    "isTemplate": false,
    "count": 0,
    "lang": "en",
    "updated": 0
  },
  {
    "id": "0d60ed8f-bacd-472f-b130-1b71e4d637a8",
    "data": [
      {
        "text": "john_doe@domain.com",
        "meta": "@sys.email",
        "alias": "email",
        "userDefined": true
      },
      {
        "text": ".",
        "userDefined": false
      }
    ],
    "isTemplate": false,
    "count": 0,
    "lang": "en",
    "updated": 0
  },
  {
    "id": "89ee238a-226f-4cee-b5db-2d1ddeb2e37b",
    "data": [
      {
        "text": "My email address is ",
        "userDefined": false
      },
      {
        "text": "sarah.smith@company.com",
        "meta": "@sys.email",
        "alias": "email",
        "userDefined": true
      },
      {
        "text": ".",
        "userDefined": false
      }
    ],
    "isTemplate": false,
    "count": 0,
    "lang": "en",
    "updated": 0
  },
  {
    "id": "7e8c3d3b-ba4f-4e06-ac6b-f0ed66ac06b2",
    "data": [
      {
        "text": "You can reach me at ",
        "userDefined": false
      },
      {
        "text": "michael123@gmail.com",
        "meta": "@sys.email",
        "alias": "email",
        "userDefined": true
      }
    ],
    "isTemplate": false,
    "count": 0,
    "lang": "en",
    "updated": 0
  },
  {
    "id": "25a241ba-ca19-44b0-9a8a-7ae6733f4a43",
    "data": [
      {
        "text": "It\u0027s ",
        "userDefined": false
      },
      {
        "text": "sarah@example.com",
        "meta": "@sys.email",
        "alias": "email",
        "userDefined": true
      }
    ],
    "isTemplate": false,
    "count": 0,
    "lang": "en",
    "updated": 0
  },
  {
    "id": "3f1ad809-a200-4d31-8f77-d02606559e54",
    "data": [
      {
        "text": "My email is ",
        "userDefined": false
      },
      {
        "text": "john.doe@example.com",
        "meta": "@sys.email",
        "alias": "email",
        "userDefined": true
      }
    ],
    "isTemplate": false,
    "count": 0,
    "lang": "en",
    "updated": 0
  },
  {
    "id": "78afb187-176d-4021-aee5-d3bfdfe0f47c",
    "data": [
      {
        "text": "Sarah Smith",
        "meta": "@sys.person",
        "alias": "name",
        "userDefined": false
      },
      {
        "text": ".",
        "userDefined": false
      }
    ],
    "isTemplate": false,
    "count": 0,
    "lang": "en",
    "updated": 0
  },
  {
    "id": "1ec0dc97-c9e9-4b2d-bfe7-d1c6dc0b6b90",
    "data": [
      {
        "text": "John Doe",
        "meta": "@sys.person",
        "alias": "name",
        "userDefined": false
      },
      {
        "text": ".",
        "userDefined": false
      }
    ],
    "isTemplate": false,
    "count": 0,
    "lang": "en",
    "updated": 0
  },
  {
    "id": "2c86d616-74b4-43b5-9266-c19cb12f1e63",
    "data": [
      {
        "text": "It\u0027s ",
        "userDefined": false
      },
      {
        "text": "Michael",
        "meta": "@sys.person",
        "alias": "name",
        "userDefined": false
      },
      {
        "text": ".",
        "userDefined": false
      }
    ],
    "isTemplate": false,
    "count": 0,
    "lang": "en",
    "updated": 0
  },
  {
    "id": "4001930d-1121-48d7-aabb-39a938ea6e8e",
    "data": [
      {
        "text": "I am ",
        "userDefined": false
      },
      {
        "text": "Sarah",
        "meta": "@sys.person",
        "alias": "name",
        "userDefined": false
      },
      {
        "text": ".",
        "userDefined": false
      }
    ],
    "isTemplate": false,
    "count": 0,
    "lang": "en",
    "updated": 0
  },
  {
    "id": "02b640db-5885-4196-b058-e7506998adc3",
    "data": [
      {
        "text": "My name is ",
        "userDefined": false
      },
      {
        "text": "John",
        "meta": "@sys.person",
        "alias": "name",
        "userDefined": false
      },
      {
        "text": ".",
        "userDefined": false
      }
    ],
    "isTemplate": false,
    "count": 0,
    "lang": "en",
    "updated": 0
  },
  {
    "id": "ee56850a-a56d-4bca-a441-d73aff5a55b9",
    "data": [
      {
        "text": "I would like to apply for a position",
        "userDefined": false
      }
    ],
    "isTemplate": false,
    "count": 0,
    "lang": "en",
    "updated": 0
  },
  {
    "id": "e7bc5323-4143-41d7-8348-299cd290d11a",
    "data": [
      {
        "text": "Apply for the marketing job",
        "userDefined": false
      }
    ],
    "isTemplate": false,
    "count": 1,
    "lang": "en",
    "updated": 0
  },
  {
    "id": "2faf6472-1a7c-4f19-88bc-e9c78d063191",
    "data": [
      {
        "text": "How can I apply for the ",
        "userDefined": false
      },
      {
        "text": "data scientist",
        "meta": "@JobRoles",
        "alias": "jobroles",
        "userDefined": false
      },
      {
        "text": " role?",
        "userDefined": false
      }
    ],
    "isTemplate": false,
    "count": 0,
    "lang": "en",
    "updated": 0
  },
  {
    "id": "75a44239-b03d-40ec-aa9f-6edebb090939",
    "data": [
      {
        "text": "Can I apply for the ",
        "userDefined": false
      },
      {
        "text": "software engineer",
        "meta": "@JobRoles",
        "alias": "jobroles",
        "userDefined": false
      },
      {
        "text": " position?",
        "userDefined": false
      }
    ],
    "isTemplate": false,
    "count": 0,
    "lang": "en",
    "updated": 0
  },
  {
    "id": "2d3b5a79-cbbc-4465-9d23-17598349d343",
    "data": [
      {
        "text": "I want to apply for a job",
        "userDefined": false
      }
    ],
    "isTemplate": false,
    "count": 0,
    "lang": "en",
    "updated": 0
  }
]