[
  {
    "id": "1d907022-dbd6-4ade-97f6-aabc8b547497",
    "data": [
      {
        "text": "good afternoon",
        "userDefined": false
      }
    ],
    "isTemplate": false,
    "count": 0,
    "lang": "en",
    "updated": 0
  },
  {
    "id": "7c1aa83c-fcb7-450e-907d-a20b6856b4a0",
    "data": [
      {
        "text": "good evening",
        "userDefined": false
      }
    ],
    "isTemplate": false,
    "count": 0,
    "lang": "en",
    "updated": 0
  },
  {
    "id": "112013cd-da36-4670-88f3-eb63462ac9d3",
    "data": [
      {
        "text": "greetings",
        "userDefined": false
      }
    ],
    "isTemplate": false,
    "count": 0,
    "lang": "en",
    "updated": 0
  },
  {
    "id": "16e84dc1-49a2-487c-92dc-983eb0c95275",
    "data": [
      {
        "text": "good morning",
        "userDefined": false
      }
    ],
    "isTemplate": false,
    "count": 0,
    "lang": "en",
    "updated": 0
  },
  {
    "id": "d23180fa-4f13-4b65-8e2d-a2c11b85a5c4",
    "data": [
      {
        "text": "Good to see you",
        "userDefined": false
      }
    ],
    "isTemplate": false,
    "count": 0,
    "lang": "en",
    "updated": 0
  },
  {
    "id": "88ae6e2a-6a3b-4b6f-9546-acc475a413f4",
    "data": [
      {
        "text": "nice to meet you",
        "userDefined": false
      }
    ],
    "isTemplate": false,
    "count": 0,
    "lang": "en",
    "updated": 0
  },
  {
    "id": "b6235452-d09b-4910-816e-6fe3bcc5263e",
    "data": [
      {
        "text": "how you have been",
        "userDefined": false
      }
    ],
    "isTemplate": false,
    "count": 0,
    "lang": "en",
    "updated": 0
  },
  {
    "id": "deb9fe8b-64a9-46c5-880e-37028675fd24",
    "data": [
      {
        "text": "hola",
        "userDefined": false
      }
    ],
    "isTemplate": false,
    "count": 0,
    "lang": "en",
    "updated": 0
  },
  {
    "id": "d02864e5-1d6b-40e1-b12a-ae711faf3a47",
    "data": [
      {
        "text": "Heyyyy",
        "userDefined": false
      }
    ],
    "isTemplate": false,
    "count": 0,
    "lang": "en",
    "updated": 0
  },
  {
    "id": "24759864-847a-4369-a2d6-8749da33a231",
    "data": [
      {
        "text": "i need you find out something",
        "userDefined": false
      }
    ],
    "isTemplate": false,
    "count": 0,
    "lang": "en",
    "updated": 0
  },
  {
    "id": "2c6433e3-3a0a-4cb9-bb54-63b721eef17c",
    "data": [
      {
        "text": "i want your assistance",
        "userDefined": false
      }
    ],
    "isTemplate": false,
    "count": 0,
    "lang": "en",
    "updated": 0
  },
  {
    "id": "75305509-14e5-49ff-9d6f-f441da9c68af",
    "data": [
      {
        "text": "i want to ask something",
        "userDefined": false
      }
    ],
    "isTemplate": false,
    "count": 0,
    "lang": "en",
    "updated": 0
  },
  {
    "id": "301cc046-9083-49eb-962d-01fa73d1bb1b",
    "data": [
      {
        "text": "i need some help",
        "userDefined": false
      }
    ],
    "isTemplate": false,
    "count": 0,
    "lang": "en",
    "updated": 0
  },
  {
    "id": "eebf0873-2ff5-4f21-b14d-a5ff1cdc0b7b",
    "data": [
      {
        "text": "How are you doing",
        "userDefined": false
      }
    ],
    "isTemplate": false,
    "count": 0,
    "lang": "en",
    "updated": 0
  },
  {
    "id": "c76427ce-a2d1-4a59-b2a2-644e2e5a8765",
    "data": [
      {
        "text": "Hello",
        "userDefined": false
      }
    ],
    "isTemplate": false,
    "count": 0,
    "lang": "en",
    "updated": 0
  },
  {
    "id": "a80b39b9-783a-4e99-959a-035e7d1d61be",
    "data": [
      {
        "text": "Hii",
        "userDefined": false
      }
    ],
    "isTemplate": false,
    "count": 0,
    "lang": "en",
    "updated": 0
  }
]