[
  {
    "id": "04c59e2d-4644-45b2-885a-ae9cf3bc66de",
    "data": [
      {
        "text": "Are there any specific ",
        "userDefined": false
      },
      {
        "text": "preparation materials",
        "meta": "@JobDes",
        "alias": "jobdes",
        "userDefined": false
      },
      {
        "text": " for the ",
        "userDefined": false
      },
      {
        "text": "HR Manager",
        "meta": "@JobRoles",
        "alias": "jobroles",
        "userDefined": false
      },
      {
        "text": " position?",
        "userDefined": false
      }
    ],
    "isTemplate": false,
    "count": 0,
    "lang": "en",
    "updated": 0
  },
  {
    "id": "1dc643fb-9554-4e59-bf05-0eca93961c14",
    "data": [
      {
        "text": "How should I ",
        "userDefined": false
      },
      {
        "text": "prepare",
        "meta": "@JobDes",
        "alias": "jobdes",
        "userDefined": false
      },
      {
        "text": " for the ",
        "userDefined": false
      },
      {
        "text": "Business Analyst",
        "meta": "@JobRoles",
        "alias": "jobroles",
        "userDefined": false
      },
      {
        "text": " role?",
        "userDefined": false
      }
    ],
    "isTemplate": false,
    "count": 0,
    "lang": "en",
    "updated": 0
  },
  {
    "id": "90800c40-3d05-46ff-9b83-01fccb7e68b3",
    "data": [
      {
        "text": "What ",
        "userDefined": false
      },
      {
        "text": "resources",
        "meta": "@JobDes",
        "alias": "jobdes",
        "userDefined": false
      },
      {
        "text": " can help me ",
        "userDefined": false
      },
      {
        "text": "prepare",
        "meta": "@JobDes",
        "alias": "jobdes",
        "userDefined": false
      },
      {
        "text": " for the ",
        "userDefined": false
      },
      {
        "text": "Graphic Designer",
        "meta": "@JobRoles",
        "alias": "jobroles",
        "userDefined": false
      },
      {
        "text": " job?",
        "userDefined": false
      }
    ],
    "isTemplate": false,
    "count": 0,
    "lang": "en",
    "updated": 0
  },
  {
    "id": "9ada705e-ab74-4701-b157-4e186e159354",
    "data": [
      {
        "text": "Do you have any ",
        "userDefined": false
      },
      {
        "text": "preparation resources",
        "meta": "@JobDes",
        "alias": "jobdes",
        "userDefined": false
      },
      {
        "text": " for the Marketing ",
        "userDefined": false
      },
      {
        "text": "Specialist",
        "meta": "@JobRoles",
        "alias": "jobroles",
        "userDefined": false
      },
      {
        "text": " position?",
        "userDefined": false
      }
    ],
    "isTemplate": false,
    "count": 0,
    "lang": "en",
    "updated": 0
  },
  {
    "id": "6cd08729-8bea-46ab-bcc3-5a13d7d5ef09",
    "data": [
      {
        "text": "What ",
        "userDefined": false
      },
      {
        "text": "materials",
        "meta": "@JobDes",
        "alias": "jobdes",
        "userDefined": false
      },
      {
        "text": " should I study for the Project ",
        "userDefined": false
      },
      {
        "text": "Manager",
        "meta": "@JobRoles",
        "alias": "jobroles",
        "userDefined": false
      },
      {
        "text": " role?",
        "userDefined": false
      }
    ],
    "isTemplate": false,
    "count": 0,
    "lang": "en",
    "updated": 0
  },
  {
    "id": "71eca804-b767-40ec-80a9-25c0b48d77ff",
    "data": [
      {
        "text": "How can I ",
        "userDefined": false
      },
      {
        "text": "prepare",
        "meta": "@JobDes",
        "alias": "jobdes",
        "userDefined": false
      },
      {
        "text": " for the ",
        "userDefined": false
      },
      {
        "text": "Data Scientist job",
        "meta": "@JobRoles",
        "alias": "jobroles",
        "userDefined": false
      },
      {
        "text": "?",
        "userDefined": false
      }
    ],
    "isTemplate": false,
    "count": 0,
    "lang": "en",
    "updated": 0
  },
  {
    "id": "4da116b6-c477-4e15-bd3a-fb879fdf2ebd",
    "data": [
      {
        "text": "What are the ",
        "userDefined": false
      },
      {
        "text": "preparation resources",
        "meta": "@JobDes",
        "alias": "jobdes",
        "userDefined": false
      },
      {
        "text": " for the ",
        "userDefined": false
      },
      {
        "text": "Software Development Engineer",
        "meta": "@JobRoles",
        "alias": "jobroles",
        "userDefined": false
      },
      {
        "text": " (",
        "userDefined": false
      },
      {
        "text": "SDE",
        "meta": "@JobRoles",
        "alias": "jobroles",
        "userDefined": false
      },
      {
        "text": ") role?",
        "userDefined": false
      }
    ],
    "isTemplate": false,
    "count": 0,
    "lang": "en",
    "updated": 0
  },
  {
    "id": "0e66ca8a-cd03-4991-9161-b5d2170a5e4b",
    "data": [
      {
        "text": "Tell me the ",
        "userDefined": false
      },
      {
        "text": "selection process",
        "meta": "@JobDes",
        "alias": "jobdes",
        "userDefined": false
      },
      {
        "text": " for the ",
        "userDefined": false
      },
      {
        "text": "HR Manager",
        "meta": "@JobRoles",
        "alias": "jobroles",
        "userDefined": false
      },
      {
        "text": " position.",
        "userDefined": false
      }
    ],
    "isTemplate": false,
    "count": 0,
    "lang": "en",
    "updated": 0
  },
  {
    "id": "0ac654d1-2a10-4762-ae7c-77be6a2237b7",
    "data": [
      {
        "text": "How do candidates get ",
        "userDefined": false
      },
      {
        "text": "selected",
        "meta": "@JobDes",
        "alias": "jobdes",
        "userDefined": false
      },
      {
        "text": " for the ",
        "userDefined": false
      },
      {
        "text": "Business Analyst",
        "meta": "@JobRoles",
        "alias": "jobroles",
        "userDefined": false
      },
      {
        "text": " job?",
        "userDefined": false
      }
    ],
    "isTemplate": false,
    "count": 0,
    "lang": "en",
    "updated": 0
  },
  {
    "id": "f5ef700a-1fb0-4625-8252-6494d1cb0c31",
    "data": [
      {
        "text": "What steps are involved in the ",
        "userDefined": false
      },
      {
        "text": "selection process",
        "meta": "@JobDes",
        "alias": "jobdes",
        "userDefined": false
      },
      {
        "text": " for the ",
        "userDefined": false
      },
      {
        "text": "Graphic Designer",
        "meta": "@JobRoles",
        "alias": "jobroles",
        "userDefined": false
      },
      {
        "text": " position?",
        "userDefined": false
      }
    ],
    "isTemplate": false,
    "count": 0,
    "lang": "en",
    "updated": 0
  },
  {
    "id": "a4e1d1e5-810c-48bf-8df0-48c53d85d9de",
    "data": [
      {
        "text": "Describe the ",
        "userDefined": false
      },
      {
        "text": "selection process",
        "meta": "@JobDes",
        "alias": "jobdes",
        "userDefined": false
      },
      {
        "text": " for the Marketing ",
        "userDefined": false
      },
      {
        "text": "Specialist",
        "meta": "@JobRoles",
        "alias": "jobroles",
        "userDefined": false
      },
      {
        "text": " role.",
        "userDefined": false
      }
    ],
    "isTemplate": false,
    "count": 0,
    "lang": "en",
    "updated": 0
  },
  {
    "id": "a548688c-a685-4ff9-b63c-01e5e4784bfb",
    "data": [
      {
        "text": "How does the ",
        "userDefined": false
      },
      {
        "text": "selection process",
        "meta": "@JobDes",
        "alias": "jobdes",
        "userDefined": false
      },
      {
        "text": " work for the Project ",
        "userDefined": false
      },
      {
        "text": "Manager job",
        "meta": "@JobRoles",
        "alias": "jobroles",
        "userDefined": false
      },
      {
        "text": "?",
        "userDefined": false
      }
    ],
    "isTemplate": false,
    "count": 0,
    "lang": "en",
    "updated": 0
  },
  {
    "id": "78978f3f-e2b0-45ac-8f54-74b17d21ca66",
    "data": [
      {
        "text": "Can you tell me about the ",
        "userDefined": false
      },
      {
        "text": "selection process",
        "meta": "@JobDes",
        "alias": "jobdes",
        "userDefined": false
      },
      {
        "text": " for the ",
        "userDefined": false
      },
      {
        "text": "Data Scientist",
        "meta": "@JobRoles",
        "alias": "jobroles",
        "userDefined": false
      },
      {
        "text": " position?",
        "userDefined": false
      }
    ],
    "isTemplate": false,
    "count": 0,
    "lang": "en",
    "updated": 0
  },
  {
    "id": "33de16c9-d553-47df-a0fa-4e291698609b",
    "data": [
      {
        "text": "what is the ",
        "userDefined": false
      },
      {
        "text": "selection process",
        "meta": "@JobDes",
        "alias": "jobdes",
        "userDefined": false
      },
      {
        "text": " for ",
        "userDefined": false
      },
      {
        "text": "SDE",
        "meta": "@JobRoles",
        "alias": "jobroles",
        "userDefined": false
      },
      {
        "text": " role",
        "userDefined": false
      }
    ],
    "isTemplate": false,
    "count": 0,
    "lang": "en",
    "updated": 0
  }
]