[
  {
    "id": "f240fc57-89cf-400d-bfcc-8be9ecf6a7db",
    "data": [
      {
        "text": "Which jobs are open?",
        "userDefined": false
      }
    ],
    "isTemplate": false,
    "count": 0,
    "lang": "en",
    "updated": 0
  },
  {
    "id": "8db4c8cd-1803-4c3b-8d4a-f259155498f6",
    "data": [
      {
        "text": "What job vacancies are available?",
        "userDefined": false
      }
    ],
    "isTemplate": false,
    "count": 0,
    "lang": "en",
    "updated": 0
  },
  {
    "id": "a11621bc-3451-4cb8-965f-86caa88cb71f",
    "data": [
      {
        "text": "Tell me about the job openings.",
        "userDefined": false
      }
    ],
    "isTemplate": false,
    "count": 0,
    "lang": "en",
    "updated": 0
  },
  {
    "id": "92ef27bc-abe6-47e7-9e4d-cf3d9146f20f",
    "data": [
      {
        "text": "Show me the available positions.",
        "userDefined": false
      }
    ],
    "isTemplate": false,
    "count": 0,
    "lang": "en",
    "updated": 0
  },
  {
    "id": "de538793-4ecb-4d36-b026-38945b22c19a",
    "data": [
      {
        "text": "List all available job openings.",
        "userDefined": false
      }
    ],
    "isTemplate": false,
    "count": 0,
    "lang": "en",
    "updated": 0
  },
  {
    "id": "757758e5-a790-4c4e-81ed-55117d71f456",
    "data": [
      {
        "text": "What positions are you currently hiring for?",
        "userDefined": false
      }
    ],
    "isTemplate": false,
    "count": 0,
    "lang": "en",
    "updated": 0
  },
  {
    "id": "54f2475c-2ec5-4044-8b37-20ef1806d285",
    "data": [
      {
        "text": "Are there any jobs available?",
        "userDefined": false
      }
    ],
    "isTemplate": false,
    "count": 0,
    "lang": "en",
    "updated": 0
  },
  {
    "id": "c40d8cfb-f1c8-4bf9-8565-3e599c47b02e",
    "data": [
      {
        "text": "What job roles are you looking to fill?",
        "userDefined": false
      }
    ],
    "isTemplate": false,
    "count": 0,
    "lang": "en",
    "updated": 0
  },
  {
    "id": "4bb05549-d716-4219-b730-8707fbdd5835",
    "data": [
      {
        "text": "Do you have any job openings?",
        "userDefined": false
      }
    ],
    "isTemplate": false,
    "count": 0,
    "lang": "en",
    "updated": 0
  },
  {
    "id": "546267f9-5d8b-41c3-8d8f-4ab2e98f3080",
    "data": [
      {
        "text": "Can I see the open jobs?",
        "userDefined": false
      }
    ],
    "isTemplate": false,
    "count": 0,
    "lang": "en",
    "updated": 0
  },
  {
    "id": "30a667e2-2f18-4323-bf4a-9f475c0bae71",
    "data": [
      {
        "text": "What are the current job opportunities?",
        "userDefined": false
      }
    ],
    "isTemplate": false,
    "count": 0,
    "lang": "en",
    "updated": 0
  },
  {
    "id": "cb44e920-0d26-403d-a7d2-2bb2ca4fb8a3",
    "data": [
      {
        "text": "Show me the jobs you are hiring for.",
        "userDefined": false
      }
    ],
    "isTemplate": false,
    "count": 0,
    "lang": "en",
    "updated": 0
  },
  {
    "id": "6588ef2e-484d-4f5a-bf8e-23c367955922",
    "data": [
      {
        "text": "What positions are open right now?",
        "userDefined": false
      }
    ],
    "isTemplate": false,
    "count": 0,
    "lang": "en",
    "updated": 0
  },
  {
    "id": "ad44e071-8540-4beb-8507-a0f445ac59ee",
    "data": [
      {
        "text": "Any job openings available?",
        "userDefined": false
      }
    ],
    "isTemplate": false,
    "count": 0,
    "lang": "en",
    "updated": 0
  },
  {
    "id": "8e5ef4b1-b522-487a-9997-ebe3e5c1075e",
    "data": [
      {
        "text": "What jobs are you hiring for?",
        "userDefined": false
      }
    ],
    "isTemplate": false,
    "count": 0,
    "lang": "en",
    "updated": 0
  },
  {
    "id": "61db3feb-31de-4d51-9e98-96f04d4aa5cc",
    "data": [
      {
        "text": "Are there any open positions?",
        "userDefined": false
      }
    ],
    "isTemplate": false,
    "count": 0,
    "lang": "en",
    "updated": 0
  },
  {
    "id": "2c7daf2d-b9b3-4cba-891e-ada84ec65057",
    "data": [
      {
        "text": "List the current job openings.",
        "userDefined": false
      }
    ],
    "isTemplate": false,
    "count": 0,
    "lang": "en",
    "updated": 0
  },
  {
    "id": "b66e3141-53cb-4010-8d1c-8f66e16d1d23",
    "data": [
      {
        "text": "What job vacancies do you currently have?",
        "userDefined": false
      }
    ],
    "isTemplate": false,
    "count": 0,
    "lang": "en",
    "updated": 0
  },
  {
    "id": "4b7e84fd-5a36-4e86-8300-4b43f6f5167a",
    "data": [
      {
        "text": "Can you show me the available job positions?",
        "userDefined": false
      }
    ],
    "isTemplate": false,
    "count": 0,
    "lang": "en",
    "updated": 0
  },
  {
    "id": "cdc6e2af-4194-4157-b240-da595ffc02e8",
    "data": [
      {
        "text": "Openings",
        "userDefined": false
      }
    ],
    "isTemplate": false,
    "count": 0,
    "lang": "en",
    "updated": 0
  },
  {
    "id": "b193635e-9f46-42c2-9a1e-4c4cafe12353",
    "data": [
      {
        "text": "List the current vacancies.",
        "userDefined": false
      }
    ],
    "isTemplate": false,
    "count": 0,
    "lang": "en",
    "updated": 0
  },
  {
    "id": "9fe261a0-77df-4545-9cd5-f5dcc2d27641",
    "data": [
      {
        "text": "What jobs are available?",
        "userDefined": false
      }
    ],
    "isTemplate": false,
    "count": 0,
    "lang": "en",
    "updated": 0
  },
  {
    "id": "79709955-93e3-4a30-b979-a32b1cf6f946",
    "data": [
      {
        "text": "Show me the job openings.",
        "userDefined": false
      }
    ],
    "isTemplate": false,
    "count": 0,
    "lang": "en",
    "updated": 0
  }
]