[
  {
    "id": "a2c9dc98-8a81-48be-9761-925149cbff0b",
    "data": [
      {
        "text": "how is ",
        "userDefined": false
      },
      {
        "text": "Afreen",
        "meta": "@JobRoles",
        "alias": "jobroles",
        "userDefined": true
      }
    ],
    "isTemplate": false,
    "count": 0,
    "lang": "en",
    "updated": 0
  },
  {
    "id": "50eb63d5-a32a-41a7-9a04-dc7e9ed26562",
    "data": [
      {
        "text": "Explain about ",
        "userDefined": false
      },
      {
        "text": "Nisu",
        "meta": "@JobRoles",
        "alias": "jobroles",
        "userDefined": true
      }
    ],
    "isTemplate": false,
    "count": 0,
    "lang": "en",
    "updated": 0
  },
  {
    "id": "c4a1e5dc-632f-45fe-af01-64c50c27e045",
    "data": [
      {
        "text": "Tell me about ",
        "userDefined": false
      },
      {
        "text": "Nisa",
        "meta": "@JobRoles",
        "alias": "jobroles",
        "userDefined": true
      }
    ],
    "isTemplate": false,
    "count": 0,
    "lang": "en",
    "updated": 0
  },
  {
    "id": "1246a4c7-9e22-49fd-b285-fac3094b3886",
    "data": [
      {
        "text": "What are the skills needed for job ID ",
        "userDefined": false
      },
      {
        "text": "JOB007",
        "meta": "@JobRoles",
        "alias": "jobroles",
        "userDefined": true
      },
      {
        "text": "?",
        "userDefined": false
      }
    ],
    "isTemplate": false,
    "count": 0,
    "lang": "en",
    "updated": 0
  },
  {
    "id": "b6f7e0b7-d019-4ccb-ba04-e6820c715913",
    "data": [
      {
        "text": "What are the job requirements for a ",
        "userDefined": false
      },
      {
        "text": "Business Analyst",
        "meta": "@JobRoles",
        "alias": "jobroles",
        "userDefined": true
      },
      {
        "text": "?",
        "userDefined": false
      }
    ],
    "isTemplate": false,
    "count": 0,
    "lang": "en",
    "updated": 0
  },
  {
    "id": "4c8d5192-77e3-42ba-acc8-824534e3dc18",
    "data": [
      {
        "text": "Tell me about the qualifications for a ",
        "userDefined": false
      },
      {
        "text": "Graphic Designer",
        "meta": "@JobRoles",
        "alias": "jobroles",
        "userDefined": true
      },
      {
        "text": ".",
        "userDefined": false
      }
    ],
    "isTemplate": false,
    "count": 0,
    "lang": "en",
    "updated": 0
  },
  {
    "id": "3505d229-8b57-4c92-9390-8d4b88a97904",
    "data": [
      {
        "text": "What skills are needed for job ID ",
        "userDefined": false
      },
      {
        "text": "JOB006",
        "meta": "@JobRoles",
        "alias": "jobroles",
        "userDefined": true
      },
      {
        "text": "?",
        "userDefined": false
      }
    ],
    "isTemplate": false,
    "count": 0,
    "lang": "en",
    "updated": 0
  },
  {
    "id": "8ee2f3eb-2f6b-444d-802a-df54790e9b9a",
    "data": [
      {
        "text": "Please provide the details for the ",
        "userDefined": false
      },
      {
        "text": "HR Manager",
        "meta": "@JobRoles",
        "alias": "jobroles",
        "userDefined": true
      },
      {
        "text": " position.",
        "userDefined": false
      }
    ],
    "isTemplate": false,
    "count": 0,
    "lang": "en",
    "updated": 0
  },
  {
    "id": "2187775a-16ac-441d-abe7-90333bf42bab",
    "data": [
      {
        "text": "What are the requirements for the ",
        "userDefined": false
      },
      {
        "text": "Sales Executive",
        "meta": "@JobRoles",
        "alias": "jobroles",
        "userDefined": true
      },
      {
        "text": " role?",
        "userDefined": false
      }
    ],
    "isTemplate": false,
    "count": 0,
    "lang": "en",
    "updated": 0
  },
  {
    "id": "5b31bbc3-9ef6-482c-b659-4f7f7cb6f50f",
    "data": [
      {
        "text": "Can you tell me about the key responsibilities for job ID ",
        "userDefined": false
      },
      {
        "text": "JOB005",
        "meta": "@JobRoles",
        "alias": "jobroles",
        "userDefined": true
      },
      {
        "text": "?",
        "userDefined": false
      }
    ],
    "isTemplate": false,
    "count": 0,
    "lang": "en",
    "updated": 0
  },
  {
    "id": "0ead6465-d8f0-4fd1-ad49-64fb3dd0d4ae",
    "data": [
      {
        "text": "What is the job description of a ",
        "userDefined": false
      },
      {
        "text": "Network Administrator?",
        "meta": "@JobRoles",
        "alias": "jobroles",
        "userDefined": true
      }
    ],
    "isTemplate": false,
    "count": 0,
    "lang": "en",
    "updated": 0
  },
  {
    "id": "4a0463b7-a091-4cce-9c54-061e92d60db5",
    "data": [
      {
        "text": "What are the required skills for the job ID ",
        "userDefined": false
      },
      {
        "text": "JOB004",
        "meta": "@JobRoles",
        "alias": "jobroles",
        "userDefined": false
      },
      {
        "text": "?",
        "userDefined": false
      }
    ],
    "isTemplate": false,
    "count": 0,
    "lang": "en",
    "updated": 0
  },
  {
    "id": "ad275412-2f4c-4cdc-ba6e-083361d9afec",
    "data": [
      {
        "text": "Describe the qualifications needed for the Marketing ",
        "userDefined": false
      },
      {
        "text": "Manager",
        "meta": "@JobRoles",
        "alias": "jobroles",
        "userDefined": false
      },
      {
        "text": " role.",
        "userDefined": false
      }
    ],
    "isTemplate": false,
    "count": 0,
    "lang": "en",
    "updated": 0
  },
  {
    "id": "5f78a30e-689f-4a81-9c22-46a6e22698da",
    "data": [
      {
        "text": "I want to know about the responsibilities of a Data ",
        "userDefined": false
      },
      {
        "text": "Engineer",
        "meta": "@JobRoles",
        "alias": "jobroles",
        "userDefined": false
      },
      {
        "text": ".",
        "userDefined": false
      }
    ],
    "isTemplate": false,
    "count": 0,
    "lang": "en",
    "updated": 0
  },
  {
    "id": "e66c34dd-a206-4a67-91d7-bd3a10217978",
    "data": [
      {
        "text": "What are the skills and experience required for job ID ",
        "userDefined": false
      },
      {
        "text": "JOB003",
        "meta": "@JobRoles",
        "alias": "jobroles",
        "userDefined": false
      },
      {
        "text": "?",
        "userDefined": false
      }
    ],
    "isTemplate": false,
    "count": 0,
    "lang": "en",
    "updated": 0
  },
  {
    "id": "eb60b791-e857-46bc-a634-33427f36248c",
    "data": [
      {
        "text": "What do I need to know about the ",
        "userDefined": false
      },
      {
        "text": "Software Developer",
        "meta": "@JobRoles",
        "alias": "jobroles",
        "userDefined": false
      },
      {
        "text": " role?",
        "userDefined": false
      }
    ],
    "isTemplate": false,
    "count": 0,
    "lang": "en",
    "updated": 0
  },
  {
    "id": "087111a2-9701-4daf-8b4b-d039bd3eeb1b",
    "data": [
      {
        "text": "Please provide information on job ID ",
        "userDefined": false
      },
      {
        "text": "JOB002",
        "meta": "@JobRoles",
        "alias": "jobroles",
        "userDefined": false
      },
      {
        "text": ".",
        "userDefined": false
      }
    ],
    "isTemplate": false,
    "count": 0,
    "lang": "en",
    "updated": 0
  },
  {
    "id": "29ca1fba-da16-4443-b731-9f6a56cc33b0",
    "data": [
      {
        "text": "What are the qualifications for job ID ",
        "userDefined": false
      },
      {
        "text": "JOB001",
        "meta": "@JobRoles",
        "alias": "jobroles",
        "userDefined": false
      },
      {
        "text": "?",
        "userDefined": false
      }
    ],
    "isTemplate": false,
    "count": 0,
    "lang": "en",
    "updated": 0
  },
  {
    "id": "ad18c024-adcd-455c-a5ee-0ccc4b860786",
    "data": [
      {
        "text": "What is the job description for a Data ",
        "userDefined": false
      },
      {
        "text": "Analyst",
        "meta": "@JobRoles",
        "alias": "jobroles",
        "userDefined": false
      },
      {
        "text": "?",
        "userDefined": false
      }
    ],
    "isTemplate": false,
    "count": 0,
    "lang": "en",
    "updated": 0
  },
  {
    "id": "84943d82-09f9-4003-ae8e-2b0e0d7ef882",
    "data": [
      {
        "text": "What experience is needed for the ",
        "userDefined": false
      },
      {
        "text": "Product Manager",
        "meta": "@JobRoles",
        "alias": "jobroles",
        "userDefined": false
      },
      {
        "text": " position?",
        "userDefined": false
      }
    ],
    "isTemplate": false,
    "count": 0,
    "lang": "en",
    "updated": 0
  },
  {
    "id": "c2b99e58-4a92-45fa-82fa-bcb741317f01",
    "data": [
      {
        "text": "Tell me about the responsibilities of a ",
        "userDefined": false
      },
      {
        "text": "Data Scientist",
        "meta": "@JobRoles",
        "alias": "jobroles",
        "userDefined": false
      },
      {
        "text": ".",
        "userDefined": false
      }
    ],
    "isTemplate": false,
    "count": 0,
    "lang": "en",
    "updated": 0
  },
  {
    "id": "790efb3d-ed2f-433e-b86a-ddba8dfdedc9",
    "data": [
      {
        "text": "What are the skills required for the ",
        "userDefined": false
      },
      {
        "text": "Software Engineer",
        "meta": "@JobRoles",
        "alias": "jobroles",
        "userDefined": false
      },
      {
        "text": " role?",
        "userDefined": false
      }
    ],
    "isTemplate": false,
    "count": 0,
    "lang": "en",
    "updated": 0
  },
  {
    "id": "00f41253-765e-495a-a536-78a18897fdbc",
    "data": [
      {
        "text": "give me details about ",
        "userDefined": false
      },
      {
        "text": "sde",
        "meta": "@JobRoles",
        "alias": "jobroles",
        "userDefined": false
      },
      {
        "text": " role",
        "userDefined": false
      }
    ],
    "isTemplate": false,
    "count": 0,
    "lang": "en",
    "updated": 0
  }
]