[
  {
    "id": "1a9ccd2b-147d-42cf-a0ad-f1f37330c494",
    "data": [
      {
        "text": "Do you have a sense of humor?",
        "userDefined": false
      }
    ],
    "isTemplate": false,
    "count": 0,
    "lang": "en",
    "updated": 0
  },
  {
    "id": "c86bad78-fbab-412c-9038-4cf5eb7fe04f",
    "data": [
      {
        "text": "What\u0027s your favorite joke?",
        "userDefined": false
      }
    ],
    "isTemplate": false,
    "count": 0,
    "lang": "en",
    "updated": 0
  },
  {
    "id": "cc3e55b4-9b64-487b-8b3a-995549c87f44",
    "data": [
      {
        "text": "You\u0027re hilarious!",
        "userDefined": false
      }
    ],
    "isTemplate": false,
    "count": 0,
    "lang": "en",
    "updated": 0
  },
  {
    "id": "e3a0d1db-e7f0-4efa-9e42-217e69d6e7df",
    "data": [
      {
        "text": "Make me laugh!",
        "userDefined": false
      }
    ],
    "isTemplate": false,
    "count": 0,
    "lang": "en",
    "updated": 0
  },
  {
    "id": "eed4c78c-d2e7-4679-9dfc-66fcbb825b6c",
    "data": [
      {
        "text": "Do you know any jokes?",
        "userDefined": false
      }
    ],
    "isTemplate": false,
    "count": 0,
    "lang": "en",
    "updated": 0
  },
  {
    "id": "598e342b-4a1f-4b49-9eb8-97e326087a38",
    "data": [
      {
        "text": "Say something silly.",
        "userDefined": false
      }
    ],
    "isTemplate": false,
    "count": 0,
    "lang": "en",
    "updated": 0
  },
  {
    "id": "e82fe6e2-5def-4576-a7dd-e19312aef769",
    "data": [
      {
        "text": "Can you make me laugh?",
        "userDefined": false
      }
    ],
    "isTemplate": false,
    "count": 0,
    "lang": "en",
    "updated": 0
  },
  {
    "id": "8e183c5a-2e68-47c1-a22d-775815402d94",
    "data": [
      {
        "text": "You are so funny",
        "userDefined": false
      }
    ],
    "isTemplate": false,
    "count": 0,
    "lang": "en",
    "updated": 0
  },
  {
    "id": "f8f02000-65bd-4204-83b9-4adbfa36df78",
    "data": [
      {
        "text": "Why did the chicken cross the road?",
        "userDefined": false
      }
    ],
    "isTemplate": false,
    "count": 0,
    "lang": "en",
    "updated": 0
  },
  {
    "id": "5e1c98ce-ee8d-42d2-b4a7-0ce3fa786582",
    "data": [
      {
        "text": "Tell me a joke",
        "userDefined": false
      }
    ],
    "isTemplate": false,
    "count": 0,
    "lang": "en",
    "updated": 0
  }
]